{"week": [
    {
        "notes": [],
        "workouts": [],
        "diet": [],
        "day": "sunday"
    },
    {
        "notes": [{"note": "Ran 5km"}],
        "workouts": [{
            "duration": 30,
            "type": "Chest",
            "calories burned": 80
        }],
        "diet": [{
            "carbohydrates": 15,
            "protein": 0,
            "name": "gatorade",
            "fat": 0,
            "calories": 100
        }],
        "day": "monday"
    },
    {
        "notes": [],
        "workouts": [],
        "diet": [],
        "day": "tuesday"
    },
    {
        "notes": [],
        "workouts": [],
        "diet": [],
        "day": "wednesday"
    },
    {
        "notes": [],
        "workouts": [],
        "diet": [],
        "day": "thursday"
    },
    {
        "notes": [],
        "workouts": [],
        "diet": [],
        "day": "friday"
    },
    {
        "notes": [],
        "workouts": [],
        "diet": [],
        "day": "saturday"
    }
]}