{"week": [
    {
        "notes": [],
        "workouts": [],
        "diet": [],
        "day": "sunday"
    },
    {
        "notes": [],
        "workouts": [],
        "diet": [],
        "day": "monday"
    },
    {
        "notes": [],
        "workouts": [],
        "diet": [],
        "day": "tuesday"
    },
    {
        "notes": [],
        "workouts": [],
        "diet": [],
        "day": "wednesday"
    },
    {
        "notes": [],
        "workouts": [],
        "diet": [],
        "day": "thursday"
    },
    {
        "notes": [],
        "workouts": [],
        "diet": [],
        "day": "friday"
    },
    {
        "notes": [],
        "workouts": [],
        "diet": [],
        "day": "saturday"
    }
]}